C:\Users\Ruben\Documents\OSRS Botting\osrs_botting\images\gamewindow\img_1.png,307,298,347,335,tree
C:\Users\Ruben\Documents\OSRS Botting\osrs_botting\images\gamewindow\img_18.png,274,185,311,228,tree
C:\Users\Ruben\Documents\OSRS Botting\osrs_botting\images\gamewindow\img_21.png,273,254,338,334,tree
C:\Users\Ruben\Documents\OSRS Botting\osrs_botting\images\gamewindow\img_27.png,152,226,197,264,tree
C:\Users\Ruben\Documents\OSRS Botting\osrs_botting\images\gamewindow\img_42.png,169,200,223,267,tree
C:\Users\Ruben\Documents\OSRS Botting\osrs_botting\images\gamewindow\img_39.png,173,191,217,243,tree
C:\Users\Ruben\Documents\OSRS Botting\osrs_botting\images\gamewindow\img_14.png,484,258,534,312,tree
C:\Users\Ruben\Documents\OSRS Botting\osrs_botting\images\gamewindow\img_12.png,530,319,606,384,tree
C:\Users\Ruben\Documents\OSRS Botting\osrs_botting\images\gamewindow\img_11.png,194,202,243,258,tree
C:\Users\Ruben\Documents\OSRS Botting\osrs_botting\images\gamewindow\img_33.png,424,152,451,194,tree
C:\Users\Ruben\Documents\OSRS Botting\osrs_botting\images\gamewindow\img_6.png,233,248,286,301,tree
C:\Users\Ruben\Documents\OSRS Botting\osrs_botting\images\gamewindow\img_45.png,275,201,324,269,tree
C:\Users\Ruben\Documents\OSRS Botting\osrs_botting\images\gamewindow\img_38.png,350,271,408,318,tree
C:\Users\Ruben\Documents\OSRS Botting\osrs_botting\images\gamewindow\img_45.png,58,258,150,347,tree
C:\Users\Ruben\Documents\OSRS Botting\osrs_botting\images\gamewindow\img_41.png,207,247,275,311,tree
C:\Users\Ruben\Documents\OSRS Botting\osrs_botting\images\gamewindow\img_24.png,290,253,335,295,tree
C:\Users\Ruben\Documents\OSRS Botting\osrs_botting\images\gamewindow\img_1.png,376,201,408,234,tree
C:\Users\Ruben\Documents\OSRS Botting\osrs_botting\images\gamewindow\img_5.png,371,190,405,229,tree
C:\Users\Ruben\Documents\OSRS Botting\osrs_botting\images\gamewindow\img_25.png,448,231,484,268,tree
C:\Users\Ruben\Documents\OSRS Botting\osrs_botting\images\gamewindow\img_40.png,331,224,380,275,tree
C:\Users\Ruben\Documents\OSRS Botting\osrs_botting\images\gamewindow\img_35.png,618,214,668,254,tree
C:\Users\Ruben\Documents\OSRS Botting\osrs_botting\images\gamewindow\img_11.png,355,186,391,244,tree
C:\Users\Ruben\Documents\OSRS Botting\osrs_botting\images\gamewindow\img_48.png,366,186,405,250,tree
C:\Users\Ruben\Documents\OSRS Botting\osrs_botting\images\gamewindow\img_41.png,303,177,340,223,tree
C:\Users\Ruben\Documents\OSRS Botting\osrs_botting\images\gamewindow\img_1.png,519,292,559,325,tree
C:\Users\Ruben\Documents\OSRS Botting\osrs_botting\images\gamewindow\img_6.png,387,191,418,237,tree
C:\Users\Ruben\Documents\OSRS Botting\osrs_botting\images\gamewindow\img_22.png,286,204,334,249,tree
C:\Users\Ruben\Documents\OSRS Botting\osrs_botting\images\gamewindow\img_24.png,325,200,358,232,tree
C:\Users\Ruben\Documents\OSRS Botting\osrs_botting\images\gamewindow\img_35.png,345,263,385,300,tree
C:\Users\Ruben\Documents\OSRS Botting\osrs_botting\images\gamewindow\img_36.png,341,253,384,302,tree
C:\Users\Ruben\Documents\OSRS Botting\osrs_botting\images\gamewindow\img_20.png,416,192,455,254,tree
C:\Users\Ruben\Documents\OSRS Botting\osrs_botting\images\gamewindow\img_45.png,315,193,356,251,tree
C:\Users\Ruben\Documents\OSRS Botting\osrs_botting\images\gamewindow\img_3.png,346,195,380,228,tree
C:\Users\Ruben\Documents\OSRS Botting\osrs_botting\images\gamewindow\img_7.png,282,267,338,324,tree
C:\Users\Ruben\Documents\OSRS Botting\osrs_botting\images\gamewindow\img_30.png,321,299,367,340,tree
C:\Users\Ruben\Documents\OSRS Botting\osrs_botting\images\gamewindow\img_29.png,453,185,487,223,tree
C:\Users\Ruben\Documents\OSRS Botting\osrs_botting\images\gamewindow\img_42.png,73,158,118,204,tree
C:\Users\Ruben\Documents\OSRS Botting\osrs_botting\images\gamewindow\img_19.png,387,175,419,214,tree
C:\Users\Ruben\Documents\OSRS Botting\osrs_botting\images\gamewindow\img_32.png,529,84,557,124,tree
C:\Users\Ruben\Documents\OSRS Botting\osrs_botting\images\gamewindow\img_21.png,384,197,418,245,tree
C:\Users\Ruben\Documents\OSRS Botting\osrs_botting\images\gamewindow\img_6.png,286,241,334,285,tree
C:\Users\Ruben\Documents\OSRS Botting\osrs_botting\images\gamewindow\img_25.png,425,282,466,325,tree
C:\Users\Ruben\Documents\OSRS Botting\osrs_botting\images\gamewindow\img_6.png,325,169,355,211,tree
C:\Users\Ruben\Documents\OSRS Botting\osrs_botting\images\gamewindow\img_18.png,346,191,382,236,tree
C:\Users\Ruben\Documents\OSRS Botting\osrs_botting\images\gamewindow\img_27.png,80,263,137,301,tree
C:\Users\Ruben\Documents\OSRS Botting\osrs_botting\images\gamewindow\img_48.png,285,223,381,347,tree
C:\Users\Ruben\Documents\OSRS Botting\osrs_botting\images\gamewindow\img_36.png,332,303,389,360,tree
C:\Users\Ruben\Documents\OSRS Botting\osrs_botting\images\gamewindow\img_3.png,263,159,292,189,tree
C:\Users\Ruben\Documents\OSRS Botting\osrs_botting\images\gamewindow\img_32.png,419,151,446,193,tree
C:\Users\Ruben\Documents\OSRS Botting\osrs_botting\images\gamewindow\img_48.png,616,224,727,339,tree
C:\Users\Ruben\Documents\OSRS Botting\osrs_botting\images\gamewindow\img_14.png,467,131,493,166,tree
C:\Users\Ruben\Documents\OSRS Botting\osrs_botting\images\gamewindow\img_15.png,259,271,306,315,tree
C:\Users\Ruben\Documents\OSRS Botting\osrs_botting\images\gamewindow\img_49.png,434,185,483,235,tree
C:\Users\Ruben\Documents\OSRS Botting\osrs_botting\images\gamewindow\img_39.png,375,277,440,353,tree
C:\Users\Ruben\Documents\OSRS Botting\osrs_botting\images\gamewindow\img_42.png,221,222,274,285,tree
C:\Users\Ruben\Documents\OSRS Botting\osrs_botting\images\gamewindow\img_13.png,417,198,455,248,tree
C:\Users\Ruben\Documents\OSRS Botting\osrs_botting\images\gamewindow\img_0.png,579,366,631,409,tree
C:\Users\Ruben\Documents\OSRS Botting\osrs_botting\images\gamewindow\img_13.png,395,141,416,162,tree
C:\Users\Ruben\Documents\OSRS Botting\osrs_botting\images\gamewindow\img_41.png,374,195,405,239,tree
C:\Users\Ruben\Documents\OSRS Botting\osrs_botting\images\gamewindow\img_32.png,428,223,464,254,tree
C:\Users\Ruben\Documents\OSRS Botting\osrs_botting\images\gamewindow\img_40.png,587,353,694,440,tree
C:\Users\Ruben\Documents\OSRS Botting\osrs_botting\images\gamewindow\img_31.png,459,213,493,255,tree
C:\Users\Ruben\Documents\OSRS Botting\osrs_botting\images\gamewindow\img_31.png,374,114,401,144,tree
C:\Users\Ruben\Documents\OSRS Botting\osrs_botting\images\gamewindow\img_29.png,185,150,222,193,tree
C:\Users\Ruben\Documents\OSRS Botting\osrs_botting\images\gamewindow\img_17.png,194,197,234,241,tree
C:\Users\Ruben\Documents\OSRS Botting\osrs_botting\images\gamewindow\img_1.png,382,311,420,354,tree
C:\Users\Ruben\Documents\OSRS Botting\osrs_botting\images\gamewindow\img_10.png,392,219,434,279,tree
C:\Users\Ruben\Documents\OSRS Botting\osrs_botting\images\gamewindow\img_10.png,392,189,432,221,tree
C:\Users\Ruben\Documents\OSRS Botting\osrs_botting\images\gamewindow\img_12.png,316,162,350,207,tree
C:\Users\Ruben\Documents\OSRS Botting\osrs_botting\images\gamewindow\img_18.png,524,367,591,423,tree
C:\Users\Ruben\Documents\OSRS Botting\osrs_botting\images\gamewindow\img_43.png,408,157,434,201,tree
C:\Users\Ruben\Documents\OSRS Botting\osrs_botting\images\gamewindow\img_47.png,407,203,456,247,tree
C:\Users\Ruben\Documents\OSRS Botting\osrs_botting\images\gamewindow\img_11.png,405,169,436,201,tree
C:\Users\Ruben\Documents\OSRS Botting\osrs_botting\images\gamewindow\img_0.png,241,253,280,286,tree
C:\Users\Ruben\Documents\OSRS Botting\osrs_botting\images\gamewindow\img_7.png,46,162,98,212,tree
C:\Users\Ruben\Documents\OSRS Botting\osrs_botting\images\gamewindow\img_44.png,344,186,379,224,tree
C:\Users\Ruben\Documents\OSRS Botting\osrs_botting\images\gamewindow\img_19.png,409,198,451,250,tree
C:\Users\Ruben\Documents\OSRS Botting\osrs_botting\images\gamewindow\img_43.png,154,136,185,173,tree
C:\Users\Ruben\Documents\OSRS Botting\osrs_botting\images\gamewindow\img_35.png,341,316,388,359,tree
C:\Users\Ruben\Documents\OSRS Botting\osrs_botting\images\gamewindow\img_24.png,496,218,532,263,tree
C:\Users\Ruben\Documents\OSRS Botting\osrs_botting\images\gamewindow\img_38.png,359,191,394,242,tree
C:\Users\Ruben\Documents\OSRS Botting\osrs_botting\images\gamewindow\img_35.png,280,245,317,280,tree
C:\Users\Ruben\Documents\OSRS Botting\osrs_botting\images\gamewindow\img_19.png,345,196,380,227,tree
C:\Users\Ruben\Documents\OSRS Botting\osrs_botting\images\gamewindow\img_37.png,440,260,493,311,tree
C:\Users\Ruben\Documents\OSRS Botting\osrs_botting\images\gamewindow\img_5.png,420,173,455,211,tree
C:\Users\Ruben\Documents\OSRS Botting\osrs_botting\images\gamewindow\img_12.png,637,400,756,458,tree
C:\Users\Ruben\Documents\OSRS Botting\osrs_botting\images\gamewindow\img_22.png,229,211,278,271,tree
C:\Users\Ruben\Documents\OSRS Botting\osrs_botting\images\gamewindow\img_45.png,480,220,525,262,tree
C:\Users\Ruben\Documents\OSRS Botting\osrs_botting\images\gamewindow\img_30.png,401,340,442,367,tree
C:\Users\Ruben\Documents\OSRS Botting\osrs_botting\images\gamewindow\img_8.png,428,204,463,248,tree
C:\Users\Ruben\Documents\OSRS Botting\osrs_botting\images\gamewindow\img_37.png,663,204,723,256,tree
C:\Users\Ruben\Documents\OSRS Botting\osrs_botting\images\gamewindow\img_12.png,454,215,494,272,tree
C:\Users\Ruben\Documents\OSRS Botting\osrs_botting\images\gamewindow\img_1.png,429,256,465,293,tree
C:\Users\Ruben\Documents\OSRS Botting\osrs_botting\images\gamewindow\img_0.png,348,343,392,367,tree
C:\Users\Ruben\Documents\OSRS Botting\osrs_botting\images\gamewindow\img_5.png,244,274,296,324,tree
C:\Users\Ruben\Documents\OSRS Botting\osrs_botting\images\gamewindow\img_49.png,617,265,768,428,tree
C:\Users\Ruben\Documents\OSRS Botting\osrs_botting\images\gamewindow\img_26.png,385,236,422,274,tree
C:\Users\Ruben\Documents\OSRS Botting\osrs_botting\images\gamewindow\img_3.png,368,64,396,97,tree
C:\Users\Ruben\Documents\OSRS Botting\osrs_botting\images\gamewindow\img_29.png,235,204,276,243,tree
C:\Users\Ruben\Documents\OSRS Botting\osrs_botting\images\gamewindow\img_27.png,202,282,244,319,tree
C:\Users\Ruben\Documents\OSRS Botting\osrs_botting\images\gamewindow\img_16.png,675,253,743,303,tree
C:\Users\Ruben\Documents\OSRS Botting\osrs_botting\images\gamewindow\img_39.png,304,203,338,261,tree
C:\Users\Ruben\Documents\OSRS Botting\osrs_botting\images\gamewindow\img_45.png,378,207,422,275,tree
C:\Users\Ruben\Documents\OSRS Botting\osrs_botting\images\gamewindow\img_10.png,93,218,151,263,tree
C:\Users\Ruben\Documents\OSRS Botting\osrs_botting\images\gamewindow\img_36.png,94,293,166,349,tree
C:\Users\Ruben\Documents\OSRS Botting\osrs_botting\images\gamewindow\img_44.png,269,160,300,194,tree
C:\Users\Ruben\Documents\OSRS Botting\osrs_botting\images\gamewindow\img_3.png,291,263,325,300,tree
C:\Users\Ruben\Documents\OSRS Botting\osrs_botting\images\gamewindow\img_0.png,356,310,390,345,tree
C:\Users\Ruben\Documents\OSRS Botting\osrs_botting\images\gamewindow\img_24.png,296,171,330,213,tree
C:\Users\Ruben\Documents\OSRS Botting\osrs_botting\images\gamewindow\img_1.png,343,255,379,290,tree
C:\Users\Ruben\Documents\OSRS Botting\osrs_botting\images\gamewindow\img_35.png,219,300,269,344,tree
C:\Users\Ruben\Documents\OSRS Botting\osrs_botting\images\gamewindow\img_22.png,353,213,399,270,tree
C:\Users\Ruben\Documents\OSRS Botting\osrs_botting\images\gamewindow\img_38.png,564,228,621,289,tree
C:\Users\Ruben\Documents\OSRS Botting\osrs_botting\images\gamewindow\img_33.png,506,311,557,360,tree
C:\Users\Ruben\Documents\OSRS Botting\osrs_botting\images\gamewindow\img_9.png,111,309,197,348,tree
C:\Users\Ruben\Documents\OSRS Botting\osrs_botting\images\gamewindow\img_3.png,222,323,276,367,tree
C:\Users\Ruben\Documents\OSRS Botting\osrs_botting\images\gamewindow\img_45.png,448,180,484,232,tree
C:\Users\Ruben\Documents\OSRS Botting\osrs_botting\images\gamewindow\img_20.png,390,181,418,224,tree
C:\Users\Ruben\Documents\OSRS Botting\osrs_botting\images\gamewindow\img_36.png,427,214,469,266,tree
C:\Users\Ruben\Documents\OSRS Botting\osrs_botting\images\gamewindow\img_13.png,437,219,479,272,tree
C:\Users\Ruben\Documents\OSRS Botting\osrs_botting\images\gamewindow\img_27.png,392,195,426,232,tree
C:\Users\Ruben\Documents\OSRS Botting\osrs_botting\images\gamewindow\img_28.png,205,253,250,289,tree
C:\Users\Ruben\Documents\OSRS Botting\osrs_botting\images\gamewindow\img_47.png,185,190,236,260,tree
C:\Users\Ruben\Documents\OSRS Botting\osrs_botting\images\gamewindow\img_2.png,301,328,346,365,tree
C:\Users\Ruben\Documents\OSRS Botting\osrs_botting\images\gamewindow\img_7.png,397,293,456,351,tree
C:\Users\Ruben\Documents\OSRS Botting\osrs_botting\images\gamewindow\img_27.png,362,197,388,233,tree
C:\Users\Ruben\Documents\OSRS Botting\osrs_botting\images\gamewindow\img_17.png,337,243,378,286,tree
C:\Users\Ruben\Documents\OSRS Botting\osrs_botting\images\gamewindow\img_12.png,349,115,370,150,tree
C:\Users\Ruben\Documents\OSRS Botting\osrs_botting\images\gamewindow\img_29.png,252,72,281,113,tree
C:\Users\Ruben\Documents\OSRS Botting\osrs_botting\images\gamewindow\img_12.png,267,176,303,224,tree
C:\Users\Ruben\Documents\OSRS Botting\osrs_botting\images\gamewindow\img_5.png,310,291,363,339,tree
C:\Users\Ruben\Documents\OSRS Botting\osrs_botting\images\gamewindow\img_2.png,363,314,402,355,tree
C:\Users\Ruben\Documents\OSRS Botting\osrs_botting\images\gamewindow\img_25.png,473,152,508,194,tree
C:\Users\Ruben\Documents\OSRS Botting\osrs_botting\images\gamewindow\img_23.png,274,179,311,217,tree
C:\Users\Ruben\Documents\OSRS Botting\osrs_botting\images\gamewindow\img_13.png,384,160,412,202,tree
C:\Users\Ruben\Documents\OSRS Botting\osrs_botting\images\gamewindow\img_46.png,390,206,434,276,tree
C:\Users\Ruben\Documents\OSRS Botting\osrs_botting\images\gamewindow\img_15.png,374,313,431,362,tree
C:\Users\Ruben\Documents\OSRS Botting\osrs_botting\images\gamewindow\img_16.png,284,184,318,219,tree
C:\Users\Ruben\Documents\OSRS Botting\osrs_botting\images\gamewindow\img_44.png,286,124,310,161,tree
C:\Users\Ruben\Documents\OSRS Botting\osrs_botting\images\gamewindow\img_23.png,361,218,401,270,tree
C:\Users\Ruben\Documents\OSRS Botting\osrs_botting\images\gamewindow\img_0.png,317,168,346,204,tree
C:\Users\Ruben\Documents\OSRS Botting\osrs_botting\images\gamewindow\img_9.png,282,120,310,157,tree
C:\Users\Ruben\Documents\OSRS Botting\osrs_botting\images\gamewindow\img_26.png,512,178,546,221,tree
C:\Users\Ruben\Documents\OSRS Botting\osrs_botting\images\gamewindow\img_39.png,209,213,257,268,tree
C:\Users\Ruben\Documents\OSRS Botting\osrs_botting\images\gamewindow\img_3.png,402,206,438,245,tree
C:\Users\Ruben\Documents\OSRS Botting\osrs_botting\images\gamewindow\img_26.png,413,296,453,338,tree
C:\Users\Ruben\Documents\OSRS Botting\osrs_botting\images\gamewindow\img_15.png,347,261,393,307,tree
C:\Users\Ruben\Documents\OSRS Botting\osrs_botting\images\gamewindow\img_22.png,114,148,152,192,tree
C:\Users\Ruben\Documents\OSRS Botting\osrs_botting\images\gamewindow\img_29.png,394,252,433,285,tree
C:\Users\Ruben\Documents\OSRS Botting\osrs_botting\images\gamewindow\img_29.png,273,172,311,214,tree
C:\Users\Ruben\Documents\OSRS Botting\osrs_botting\images\gamewindow\img_26.png,119,282,175,319,tree
C:\Users\Ruben\Documents\OSRS Botting\osrs_botting\images\gamewindow\img_4.png,288,148,319,179,tree
C:\Users\Ruben\Documents\OSRS Botting\osrs_botting\images\gamewindow\img_17.png,312,205,346,246,tree
C:\Users\Ruben\Documents\OSRS Botting\osrs_botting\images\gamewindow\img_32.png,434,288,479,325,tree
C:\Users\Ruben\Documents\OSRS Botting\osrs_botting\images\gamewindow\img_31.png,500,210,539,250,tree
C:\Users\Ruben\Documents\OSRS Botting\osrs_botting\images\gamewindow\img_49.png,508,167,544,217,tree
C:\Users\Ruben\Documents\OSRS Botting\osrs_botting\images\gamewindow\img_4.png,418,286,467,334,tree
C:\Users\Ruben\Documents\OSRS Botting\osrs_botting\images\gamewindow\img_25.png,356,193,386,229,tree
C:\Users\Ruben\Documents\OSRS Botting\osrs_botting\images\gamewindow\img_38.png,294,185,329,229,tree
C:\Users\Ruben\Documents\OSRS Botting\osrs_botting\images\gamewindow\img_10.png,505,200,547,257,tree
C:\Users\Ruben\Documents\OSRS Botting\osrs_botting\images\gamewindow\img_25.png,297,232,340,270,tree
C:\Users\Ruben\Documents\OSRS Botting\osrs_botting\images\gamewindow\img_20.png,167,216,238,271,tree
C:\Users\Ruben\Documents\OSRS Botting\osrs_botting\images\gamewindow\img_9.png,467,161,493,205,tree
C:\Users\Ruben\Documents\OSRS Botting\osrs_botting\images\gamewindow\img_45.png,488,179,520,224,tree
C:\Users\Ruben\Documents\OSRS Botting\osrs_botting\images\gamewindow\img_14.png,444,225,486,263,tree
C:\Users\Ruben\Documents\OSRS Botting\osrs_botting\images\gamewindow\img_37.png,301,334,367,367,tree
C:\Users\Ruben\Documents\OSRS Botting\osrs_botting\images\gamewindow\img_40.png,442,258,499,319,tree
C:\Users\Ruben\Documents\OSRS Botting\osrs_botting\images\gamewindow\img_5.png,418,289,467,338,tree
C:\Users\Ruben\Documents\OSRS Botting\osrs_botting\images\gamewindow\img_14.png,290,226,335,278,tree
C:\Users\Ruben\Documents\OSRS Botting\osrs_botting\images\gamewindow\img_43.png,267,236,318,300,tree
C:\Users\Ruben\Documents\OSRS Botting\osrs_botting\images\gamewindow\img_49.png,473,197,534,283,tree
C:\Users\Ruben\Documents\OSRS Botting\osrs_botting\images\gamewindow\img_44.png,279,218,317,275,tree
C:\Users\Ruben\Documents\OSRS Botting\osrs_botting\images\gamewindow\img_19.png,439,266,492,323,tree
C:\Users\Ruben\Documents\OSRS Botting\osrs_botting\images\gamewindow\img_27.png,458,279,494,314,tree
C:\Users\Ruben\Documents\OSRS Botting\osrs_botting\images\gamewindow\img_30.png,273,174,309,211,tree
C:\Users\Ruben\Documents\OSRS Botting\osrs_botting\images\gamewindow\img_8.png,214,177,256,238,tree
C:\Users\Ruben\Documents\OSRS Botting\osrs_botting\images\gamewindow\img_17.png,306,332,363,364,tree
C:\Users\Ruben\Documents\OSRS Botting\osrs_botting\images\gamewindow\img_15.png,447,308,513,354,tree
C:\Users\Ruben\Documents\OSRS Botting\osrs_botting\images\gamewindow\img_5.png,179,266,238,322,tree
C:\Users\Ruben\Documents\OSRS Botting\osrs_botting\images\gamewindow\img_47.png,374,179,410,246,tree
C:\Users\Ruben\Documents\OSRS Botting\osrs_botting\images\gamewindow\img_2.png,298,280,334,318,tree
C:\Users\Ruben\Documents\OSRS Botting\osrs_botting\images\gamewindow\img_35.png,422,223,459,261,tree
C:\Users\Ruben\Documents\OSRS Botting\osrs_botting\images\gamewindow\img_4.png,233,244,280,289,tree
C:\Users\Ruben\Documents\OSRS Botting\osrs_botting\images\gamewindow\img_9.png,281,182,318,222,tree
C:\Users\Ruben\Documents\OSRS Botting\osrs_botting\images\gamewindow\img_3.png,277,188,313,226,tree
C:\Users\Ruben\Documents\OSRS Botting\osrs_botting\images\gamewindow\img_28.png,451,293,493,331,tree
C:\Users\Ruben\Documents\OSRS Botting\osrs_botting\images\gamewindow\img_6.png,173,234,231,295,tree
C:\Users\Ruben\Documents\OSRS Botting\osrs_botting\images\gamewindow\img_17.png,229,308,291,361,tree
C:\Users\Ruben\Documents\OSRS Botting\osrs_botting\images\gamewindow\img_17.png,231,217,273,263,tree
C:\Users\Ruben\Documents\OSRS Botting\osrs_botting\images\gamewindow\img_35.png,425,288,468,330,tree
C:\Users\Ruben\Documents\OSRS Botting\osrs_botting\images\gamewindow\img_28.png,380,309,425,352,tree
C:\Users\Ruben\Documents\OSRS Botting\osrs_botting\images\gamewindow\img_1.png,314,210,345,242,tree
C:\Users\Ruben\Documents\OSRS Botting\osrs_botting\images\gamewindow\img_19.png,290,256,330,321,tree
C:\Users\Ruben\Documents\OSRS Botting\osrs_botting\images\gamewindow\img_44.png,316,195,357,257,tree
C:\Users\Ruben\Documents\OSRS Botting\osrs_botting\images\gamewindow\img_28.png,301,264,341,301,tree
C:\Users\Ruben\Documents\OSRS Botting\osrs_botting\images\gamewindow\img_6.png,408,293,461,350,tree
C:\Users\Ruben\Documents\OSRS Botting\osrs_botting\images\gamewindow\img_0.png,193,232,231,265,tree
C:\Users\Ruben\Documents\OSRS Botting\osrs_botting\images\gamewindow\img_27.png,484,215,524,254,tree
C:\Users\Ruben\Documents\OSRS Botting\osrs_botting\images\gamewindow\img_1.png,270,327,313,365,tree
C:\Users\Ruben\Documents\OSRS Botting\osrs_botting\images\gamewindow\img_40.png,388,175,417,219,tree
C:\Users\Ruben\Documents\OSRS Botting\osrs_botting\images\gamewindow\img_19.png,191,236,253,300,tree
C:\Users\Ruben\Documents\OSRS Botting\osrs_botting\images\gamewindow\img_47.png,13,195,80,261,tree
C:\Users\Ruben\Documents\OSRS Botting\osrs_botting\images\gamewindow\img_33.png,465,283,509,324,tree
C:\Users\Ruben\Documents\OSRS Botting\osrs_botting\images\gamewindow\img_24.png,246,186,284,227,tree
C:\Users\Ruben\Documents\OSRS Botting\osrs_botting\images\gamewindow\img_27.png,363,143,390,174,tree
C:\Users\Ruben\Documents\OSRS Botting\osrs_botting\images\gamewindow\img_4.png,283,247,326,286,tree
C:\Users\Ruben\Documents\OSRS Botting\osrs_botting\images\gamewindow\img_25.png,707,233,767,273,tree
C:\Users\Ruben\Documents\OSRS Botting\osrs_botting\images\gamewindow\img_18.png,261,160,290,189,tree
C:\Users\Ruben\Documents\OSRS Botting\osrs_botting\images\gamewindow\img_16.png,280,227,317,270,tree
C:\Users\Ruben\Documents\OSRS Botting\osrs_botting\images\gamewindow\img_38.png,409,275,469,343,tree
C:\Users\Ruben\Documents\OSRS Botting\osrs_botting\images\gamewindow\img_3.png,237,271,284,308,tree
C:\Users\Ruben\Documents\OSRS Botting\osrs_botting\images\gamewindow\img_26.png,365,154,401,194,tree
C:\Users\Ruben\Documents\OSRS Botting\osrs_botting\images\gamewindow\img_15.png,223,225,264,274,tree
C:\Users\Ruben\Documents\OSRS Botting\osrs_botting\images\gamewindow\img_31.png,304,279,353,319,tree
C:\Users\Ruben\Documents\OSRS Botting\osrs_botting\images\gamewindow\img_19.png,325,288,384,349,tree
C:\Users\Ruben\Documents\OSRS Botting\osrs_botting\images\gamewindow\img_30.png,384,195,418,239,tree
C:\Users\Ruben\Documents\OSRS Botting\osrs_botting\images\gamewindow\img_11.png,398,227,445,291,tree
C:\Users\Ruben\Documents\OSRS Botting\osrs_botting\images\gamewindow\img_36.png,406,327,458,365,tree
C:\Users\Ruben\Documents\OSRS Botting\osrs_botting\images\gamewindow\img_22.png,358,166,391,216,tree
C:\Users\Ruben\Documents\OSRS Botting\osrs_botting\images\gamewindow\img_26.png,456,253,496,291,tree
C:\Users\Ruben\Documents\OSRS Botting\osrs_botting\images\gamewindow\img_1.png,330,164,362,197,tree
C:\Users\Ruben\Documents\OSRS Botting\osrs_botting\images\gamewindow\img_8.png,355,295,417,357,tree
C:\Users\Ruben\Documents\OSRS Botting\osrs_botting\images\gamewindow\img_28.png,499,234,534,277,tree
C:\Users\Ruben\Documents\OSRS Botting\osrs_botting\images\gamewindow\img_24.png,430,206,463,243,tree
C:\Users\Ruben\Documents\OSRS Botting\osrs_botting\images\gamewindow\img_34.png,3,239,59,275,tree
C:\Users\Ruben\Documents\OSRS Botting\osrs_botting\images\gamewindow\img_7.png,236,190,283,245,tree
C:\Users\Ruben\Documents\OSRS Botting\osrs_botting\images\gamewindow\img_2.png,361,162,390,195,tree
C:\Users\Ruben\Documents\OSRS Botting\osrs_botting\images\gamewindow\img_36.png,336,196,373,247,tree
C:\Users\Ruben\Documents\OSRS Botting\osrs_botting\images\gamewindow\img_48.png,451,197,498,268,tree
C:\Users\Ruben\Documents\OSRS Botting\osrs_botting\images\gamewindow\img_47.png,93,205,174,294,tree
C:\Users\Ruben\Documents\OSRS Botting\osrs_botting\images\gamewindow\img_13.png,457,253,506,305,tree
C:\Users\Ruben\Documents\OSRS Botting\osrs_botting\images\gamewindow\img_19.png,566,362,660,440,tree
C:\Users\Ruben\Documents\OSRS Botting\osrs_botting\images\gamewindow\img_27.png,397,159,429,194,tree
C:\Users\Ruben\Documents\OSRS Botting\osrs_botting\images\gamewindow\img_9.png,537,241,590,297,tree
C:\Users\Ruben\Documents\OSRS Botting\osrs_botting\images\gamewindow\img_40.png,217,269,292,349,tree
C:\Users\Ruben\Documents\OSRS Botting\osrs_botting\images\gamewindow\img_37.png,319,288,382,343,tree
C:\Users\Ruben\Documents\OSRS Botting\osrs_botting\images\gamewindow\img_8.png,183,133,213,172,tree
C:\Users\Ruben\Documents\OSRS Botting\osrs_botting\images\gamewindow\img_35.png,504,207,544,247,tree
C:\Users\Ruben\Documents\OSRS Botting\osrs_botting\images\gamewindow\img_0.png,517,270,557,307,tree
C:\Users\Ruben\Documents\OSRS Botting\osrs_botting\images\gamewindow\img_9.png,317,290,376,353,tree
C:\Users\Ruben\Documents\OSRS Botting\osrs_botting\images\gamewindow\img_10.png,480,257,538,320,tree
C:\Users\Ruben\Documents\OSRS Botting\osrs_botting\images\gamewindow\img_45.png,286,264,356,347,tree
C:\Users\Ruben\Documents\OSRS Botting\osrs_botting\images\gamewindow\img_41.png,269,215,321,276,tree
C:\Users\Ruben\Documents\OSRS Botting\osrs_botting\images\gamewindow\img_19.png,262,239,299,279,tree
C:\Users\Ruben\Documents\OSRS Botting\osrs_botting\images\gamewindow\img_0.png,719,198,769,232,tree
C:\Users\Ruben\Documents\OSRS Botting\osrs_botting\images\gamewindow\img_10.png,560,336,641,411,tree
C:\Users\Ruben\Documents\OSRS Botting\osrs_botting\images\gamewindow\img_8.png,246,200,291,245,tree
C:\Users\Ruben\Documents\OSRS Botting\osrs_botting\images\gamewindow\img_5.png,419,212,463,257,tree
C:\Users\Ruben\Documents\OSRS Botting\osrs_botting\images\gamewindow\img_0.png,344,258,379,293,tree
C:\Users\Ruben\Documents\OSRS Botting\osrs_botting\images\gamewindow\img_37.png,143,274,217,346,tree
C:\Users\Ruben\Documents\OSRS Botting\osrs_botting\images\gamewindow\img_34.png,556,197,592,234,tree
C:\Users\Ruben\Documents\OSRS Botting\osrs_botting\images\gamewindow\img_28.png,385,140,413,171,tree
C:\Users\Ruben\Documents\OSRS Botting\osrs_botting\images\gamewindow\img_5.png,226,224,275,275,tree
C:\Users\Ruben\Documents\OSRS Botting\osrs_botting\images\gamewindow\img_26.png,344,202,376,241,tree
C:\Users\Ruben\Documents\OSRS Botting\osrs_botting\images\gamewindow\img_13.png,524,200,577,245,tree
C:\Users\Ruben\Documents\OSRS Botting\osrs_botting\images\gamewindow\img_26.png,329,176,363,207,tree
C:\Users\Ruben\Documents\OSRS Botting\osrs_botting\images\gamewindow\img_36.png,180,290,244,342,tree
C:\Users\Ruben\Documents\OSRS Botting\osrs_botting\images\gamewindow\img_22.png,411,200,447,246,tree
C:\Users\Ruben\Documents\OSRS Botting\osrs_botting\images\gamewindow\img_1.png,330,339,375,366,tree
C:\Users\Ruben\Documents\OSRS Botting\osrs_botting\images\gamewindow\img_43.png,444,225,500,288,tree
C:\Users\Ruben\Documents\OSRS Botting\osrs_botting\images\gamewindow\img_25.png,326,304,372,348,tree
C:\Users\Ruben\Documents\OSRS Botting\osrs_botting\images\gamewindow\img_11.png,276,223,324,288,tree
C:\Users\Ruben\Documents\OSRS Botting\osrs_botting\images\gamewindow\img_30.png,412,211,446,250,tree
C:\Users\Ruben\Documents\OSRS Botting\osrs_botting\images\gamewindow\img_23.png,213,191,263,243,tree
C:\Users\Ruben\Documents\OSRS Botting\osrs_botting\images\gamewindow\img_10.png,314,193,355,251,tree
C:\Users\Ruben\Documents\OSRS Botting\osrs_botting\images\gamewindow\img_18.png,189,313,254,363,tree
C:\Users\Ruben\Documents\OSRS Botting\osrs_botting\images\gamewindow\img_23.png,366,306,424,357,tree
C:\Users\Ruben\Documents\OSRS Botting\osrs_botting\images\gamewindow\img_7.png,284,211,331,264,tree
C:\Users\Ruben\Documents\OSRS Botting\osrs_botting\images\gamewindow\img_31.png,334,208,373,246,tree
C:\Users\Ruben\Documents\OSRS Botting\osrs_botting\images\gamewindow\img_31.png,338,94,363,134,tree
C:\Users\Ruben\Documents\OSRS Botting\osrs_botting\images\gamewindow\img_19.png,268,185,305,234,tree
C:\Users\Ruben\Documents\OSRS Botting\osrs_botting\images\gamewindow\img_46.png,429,234,505,340,tree
C:\Users\Ruben\Documents\OSRS Botting\osrs_botting\images\gamewindow\img_39.png,444,237,500,299,tree
C:\Users\Ruben\Documents\OSRS Botting\osrs_botting\images\gamewindow\img_40.png,285,249,327,323,tree
C:\Users\Ruben\Documents\OSRS Botting\osrs_botting\images\gamewindow\img_20.png,81,255,191,351,tree
C:\Users\Ruben\Documents\OSRS Botting\osrs_botting\images\gamewindow\img_46.png,494,189,537,232,tree
C:\Users\Ruben\Documents\OSRS Botting\osrs_botting\images\gamewindow\img_47.png,236,208,312,302,tree
C:\Users\Ruben\Documents\OSRS Botting\osrs_botting\images\gamewindow\img_38.png,347,315,413,366,tree
C:\Users\Ruben\Documents\OSRS Botting\osrs_botting\images\gamewindow\img_36.png,541,237,594,295,tree
C:\Users\Ruben\Documents\OSRS Botting\osrs_botting\images\gamewindow\img_37.png,35,278,121,349,tree
C:\Users\Ruben\Documents\OSRS Botting\osrs_botting\images\gamewindow\img_8.png,268,239,319,299,tree
C:\Users\Ruben\Documents\OSRS Botting\osrs_botting\images\gamewindow\img_45.png,447,236,513,319,tree
C:\Users\Ruben\Documents\OSRS Botting\osrs_botting\images\gamewindow\img_47.png,158,178,190,217,tree
C:\Users\Ruben\Documents\OSRS Botting\osrs_botting\images\gamewindow\img_12.png,257,141,288,178,tree
C:\Users\Ruben\Documents\OSRS Botting\osrs_botting\images\gamewindow\img_36.png,429,276,484,322,tree
C:\Users\Ruben\Documents\OSRS Botting\osrs_botting\images\gamewindow\img_19.png,134,289,218,358,tree
C:\Users\Ruben\Documents\OSRS Botting\osrs_botting\images\gamewindow\img_43.png,213,178,252,223,tree
C:\Users\Ruben\Documents\OSRS Botting\osrs_botting\images\gamewindow\img_18.png,338,234,383,279,tree
C:\Users\Ruben\Documents\OSRS Botting\osrs_botting\images\gamewindow\img_28.png,178,193,220,232,tree
C:\Users\Ruben\Documents\OSRS Botting\osrs_botting\images\gamewindow\img_2.png,511,325,561,374,tree
C:\Users\Ruben\Documents\OSRS Botting\osrs_botting\images\gamewindow\img_39.png,259,258,317,314,tree
C:\Users\Ruben\Documents\OSRS Botting\osrs_botting\images\gamewindow\img_30.png,439,232,479,271,tree
C:\Users\Ruben\Documents\OSRS Botting\osrs_botting\images\gamewindow\img_32.png,229,334,280,367,tree
C:\Users\Ruben\Documents\OSRS Botting\osrs_botting\images\gamewindow\img_49.png,331,179,365,230,tree
C:\Users\Ruben\Documents\OSRS Botting\osrs_botting\images\gamewindow\img_4.png,361,189,394,229,tree
C:\Users\Ruben\Documents\OSRS Botting\osrs_botting\images\gamewindow\img_17.png,529,344,590,402,tree
C:\Users\Ruben\Documents\OSRS Botting\osrs_botting\images\gamewindow\img_9.png,313,201,350,254,tree
C:\Users\Ruben\Documents\OSRS Botting\osrs_botting\images\gamewindow\img_42.png,350,216,397,272,tree
C:\Users\Ruben\Documents\OSRS Botting\osrs_botting\images\gamewindow\img_22.png,447,217,495,280,tree
C:\Users\Ruben\Documents\OSRS Botting\osrs_botting\images\gamewindow\img_37.png,433,211,474,264,tree
C:\Users\Ruben\Documents\OSRS Botting\osrs_botting\images\gamewindow\img_7.png,436,217,480,271,tree
C:\Users\Ruben\Documents\OSRS Botting\osrs_botting\images\gamewindow\img_14.png,414,159,442,201,tree
C:\Users\Ruben\Documents\OSRS Botting\osrs_botting\images\gamewindow\img_34.png,435,268,475,302,tree
C:\Users\Ruben\Documents\OSRS Botting\osrs_botting\images\gamewindow\img_45.png,572,247,637,324,tree
C:\Users\Ruben\Documents\OSRS Botting\osrs_botting\images\gamewindow\img_41.png,341,217,387,273,tree
C:\Users\Ruben\Documents\OSRS Botting\osrs_botting\images\gamewindow\img_12.png,307,150,325,175,tree
C:\Users\Ruben\Documents\OSRS Botting\osrs_botting\images\gamewindow\img_15.png,315,207,352,253,tree
C:\Users\Ruben\Documents\OSRS Botting\osrs_botting\images\gamewindow\img_33.png,500,151,531,188,tree
C:\Users\Ruben\Documents\OSRS Botting\osrs_botting\images\gamewindow\img_8.png,150,132,179,169,tree
C:\Users\Ruben\Documents\OSRS Botting\osrs_botting\images\gamewindow\img_15.png,445,256,488,300,tree
C:\Users\Ruben\Documents\OSRS Botting\osrs_botting\images\gamewindow\img_11.png,217,175,253,220,tree
C:\Users\Ruben\Documents\OSRS Botting\osrs_botting\images\gamewindow\img_17.png,546,290,603,339,tree
C:\Users\Ruben\Documents\OSRS Botting\osrs_botting\images\gamewindow\img_33.png,364,276,402,314,tree
C:\Users\Ruben\Documents\OSRS Botting\osrs_botting\images\gamewindow\img_8.png,408,154,432,196,tree
C:\Users\Ruben\Documents\OSRS Botting\osrs_botting\images\gamewindow\img_21.png,125,209,197,291,tree
C:\Users\Ruben\Documents\OSRS Botting\osrs_botting\images\gamewindow\img_9.png,267,159,306,197,tree
C:\Users\Ruben\Documents\OSRS Botting\osrs_botting\images\gamewindow\img_47.png,372,229,452,349,tree
C:\Users\Ruben\Documents\OSRS Botting\osrs_botting\images\gamewindow\img_49.png,298,200,343,263,tree
C:\Users\Ruben\Documents\OSRS Botting\osrs_botting\images\gamewindow\img_42.png,348,175,376,213,tree
C:\Users\Ruben\Documents\OSRS Botting\osrs_botting\images\gamewindow\img_0.png,392,313,430,351,tree
C:\Users\Ruben\Documents\OSRS Botting\osrs_botting\images\gamewindow\img_44.png,466,167,498,210,tree
C:\Users\Ruben\Documents\OSRS Botting\osrs_botting\images\gamewindow\img_10.png,271,251,326,317,tree
C:\Users\Ruben\Documents\OSRS Botting\osrs_botting\images\gamewindow\img_36.png,514,202,558,251,tree
C:\Users\Ruben\Documents\OSRS Botting\osrs_botting\images\gamewindow\img_16.png,370,339,429,366,tree
C:\Users\Ruben\Documents\OSRS Botting\osrs_botting\images\gamewindow\img_24.png,437,253,479,297,tree
C:\Users\Ruben\Documents\OSRS Botting\osrs_botting\images\gamewindow\img_27.png,394,304,437,347,tree
C:\Users\Ruben\Documents\OSRS Botting\osrs_botting\images\gamewindow\img_41.png,205,202,260,247,tree
C:\Users\Ruben\Documents\OSRS Botting\osrs_botting\images\gamewindow\img_41.png,285,268,353,339,tree
C:\Users\Ruben\Documents\OSRS Botting\osrs_botting\images\gamewindow\img_30.png,430,188,469,225,tree
C:\Users\Ruben\Documents\OSRS Botting\osrs_botting\images\gamewindow\img_11.png,552,243,617,311,tree
C:\Users\Ruben\Documents\OSRS Botting\osrs_botting\images\gamewindow\img_14.png,481,317,547,372,tree
C:\Users\Ruben\Documents\OSRS Botting\osrs_botting\images\gamewindow\img_4.png,292,178,328,215,tree
C:\Users\Ruben\Documents\OSRS Botting\osrs_botting\images\gamewindow\img_4.png,463,71,490,108,tree
C:\Users\Ruben\Documents\OSRS Botting\osrs_botting\images\gamewindow\img_7.png,229,233,283,290,tree
C:\Users\Ruben\Documents\OSRS Botting\osrs_botting\images\gamewindow\img_25.png,202,313,252,356,tree
C:\Users\Ruben\Documents\OSRS Botting\osrs_botting\images\gamewindow\img_46.png,4,258,117,358,tree
C:\Users\Ruben\Documents\OSRS Botting\osrs_botting\images\gamewindow\img_27.png,355,172,382,203,tree
C:\Users\Ruben\Documents\OSRS Botting\osrs_botting\images\gamewindow\img_38.png,329,234,374,292,tree
C:\Users\Ruben\Documents\OSRS Botting\osrs_botting\images\gamewindow\img_34.png,275,279,313,314,tree
C:\Users\Ruben\Documents\OSRS Botting\osrs_botting\images\gamewindow\img_17.png,379,305,423,355,tree
C:\Users\Ruben\Documents\OSRS Botting\osrs_botting\images\gamewindow\img_35.png,384,301,426,345,tree
C:\Users\Ruben\Documents\OSRS Botting\osrs_botting\images\gamewindow\img_43.png,186,137,215,178,tree
C:\Users\Ruben\Documents\OSRS Botting\osrs_botting\images\gamewindow\img_35.png,600,265,651,305,tree
C:\Users\Ruben\Documents\OSRS Botting\osrs_botting\images\gamewindow\img_7.png,394,193,429,239,tree
C:\Users\Ruben\Documents\OSRS Botting\osrs_botting\images\gamewindow\img_25.png,505,269,547,308,tree
C:\Users\Ruben\Documents\OSRS Botting\osrs_botting\images\gamewindow\img_47.png,656,207,739,291,tree
C:\Users\Ruben\Documents\OSRS Botting\osrs_botting\images\gamewindow\img_30.png,315,225,348,261,tree
C:\Users\Ruben\Documents\OSRS Botting\osrs_botting\images\gamewindow\img_48.png,255,186,277,227,tree
C:\Users\Ruben\Documents\OSRS Botting\osrs_botting\images\gamewindow\img_10.png,358,189,393,241,tree
C:\Users\Ruben\Documents\OSRS Botting\osrs_botting\images\gamewindow\img_16.png,199,267,251,317,tree
C:\Users\Ruben\Documents\OSRS Botting\osrs_botting\images\gamewindow\img_34.png,378,321,424,361,tree
C:\Users\Ruben\Documents\OSRS Botting\osrs_botting\images\gamewindow\img_34.png,355,271,391,309,tree
C:\Users\Ruben\Documents\OSRS Botting\osrs_botting\images\gamewindow\img_39.png,332,180,362,224,tree
C:\Users\Ruben\Documents\OSRS Botting\osrs_botting\images\gamewindow\img_28.png,153,110,188,149,tree
C:\Users\Ruben\Documents\OSRS Botting\osrs_botting\images\gamewindow\img_20.png,274,240,320,321,tree
C:\Users\Ruben\Documents\OSRS Botting\osrs_botting\images\gamewindow\img_3.png,386,162,419,198,tree
C:\Users\Ruben\Documents\OSRS Botting\osrs_botting\images\gamewindow\img_7.png,4,156,48,201,tree
C:\Users\Ruben\Documents\OSRS Botting\osrs_botting\images\gamewindow\img_17.png,380,195,414,241,tree
C:\Users\Ruben\Documents\OSRS Botting\osrs_botting\images\gamewindow\img_36.png,384,290,434,336,tree
C:\Users\Ruben\Documents\OSRS Botting\osrs_botting\images\gamewindow\img_6.png,280,217,325,253,tree
C:\Users\Ruben\Documents\OSRS Botting\osrs_botting\images\gamewindow\img_41.png,128,232,204,309,tree
C:\Users\Ruben\Documents\OSRS Botting\osrs_botting\images\gamewindow\img_34.png,499,204,534,246,tree
C:\Users\Ruben\Documents\OSRS Botting\osrs_botting\images\gamewindow\img_36.png,265,239,306,285,tree
C:\Users\Ruben\Documents\OSRS Botting\osrs_botting\images\gamewindow\img_48.png,488,174,531,242,tree
C:\Users\Ruben\Documents\OSRS Botting\osrs_botting\images\gamewindow\img_17.png,437,249,479,295,tree
C:\Users\Ruben\Documents\OSRS Botting\osrs_botting\images\gamewindow\img_43.png,350,291,421,359,tree
C:\Users\Ruben\Documents\OSRS Botting\osrs_botting\images\gamewindow\img_3.png,343,241,384,274,tree
C:\Users\Ruben\Documents\OSRS Botting\osrs_botting\images\gamewindow\img_37.png,384,270,437,328,tree
C:\Users\Ruben\Documents\OSRS Botting\osrs_botting\images\gamewindow\img_29.png,242,147,275,187,tree
C:\Users\Ruben\Documents\OSRS Botting\osrs_botting\images\gamewindow\img_2.png,340,248,381,282,tree
C:\Users\Ruben\Documents\OSRS Botting\osrs_botting\images\gamewindow\img_15.png,569,197,609,245,tree
C:\Users\Ruben\Documents\OSRS Botting\osrs_botting\images\gamewindow\img_46.png,499,230,557,302,tree
C:\Users\Ruben\Documents\OSRS Botting\osrs_botting\images\gamewindow\img_17.png,287,283,334,329,tree
C:\Users\Ruben\Documents\OSRS Botting\osrs_botting\images\gamewindow\img_7.png,454,185,489,220,tree
C:\Users\Ruben\Documents\OSRS Botting\osrs_botting\images\gamewindow\img_20.png,250,228,287,273,tree
C:\Users\Ruben\Documents\OSRS Botting\osrs_botting\images\gamewindow\img_26.png,506,307,553,351,tree
C:\Users\Ruben\Documents\OSRS Botting\osrs_botting\images\gamewindow\img_27.png,221,231,262,267,tree
C:\Users\Ruben\Documents\OSRS Botting\osrs_botting\images\gamewindow\img_33.png,287,306,329,345,tree
C:\Users\Ruben\Documents\OSRS Botting\osrs_botting\images\gamewindow\img_15.png,510,202,547,248,tree
C:\Users\Ruben\Documents\OSRS Botting\osrs_botting\images\gamewindow\img_2.png,248,299,294,335,tree
C:\Users\Ruben\Documents\OSRS Botting\osrs_botting\images\gamewindow\img_20.png,348,200,380,230,tree
C:\Users\Ruben\Documents\OSRS Botting\osrs_botting\images\gamewindow\img_35.png,519,249,566,292,tree
C:\Users\Ruben\Documents\OSRS Botting\osrs_botting\images\gamewindow\img_24.png,272,211,312,250,tree
C:\Users\Ruben\Documents\OSRS Botting\osrs_botting\images\gamewindow\img_34.png,319,217,357,251,tree
C:\Users\Ruben\Documents\OSRS Botting\osrs_botting\images\gamewindow\img_48.png,208,193,254,255,tree
C:\Users\Ruben\Documents\OSRS Botting\osrs_botting\images\gamewindow\img_16.png,352,195,384,240,tree
C:\Users\Ruben\Documents\OSRS Botting\osrs_botting\images\gamewindow\img_33.png,383,203,416,240,tree
C:\Users\Ruben\Documents\OSRS Botting\osrs_botting\images\gamewindow\img_43.png,427,202,466,252,tree
C:\Users\Ruben\Documents\OSRS Botting\osrs_botting\images\gamewindow\img_46.png,97,209,178,291,tree
C:\Users\Ruben\Documents\OSRS Botting\osrs_botting\images\gamewindow\img_22.png,266,248,321,314,tree
C:\Users\Ruben\Documents\OSRS Botting\osrs_botting\images\gamewindow\img_5.png,294,257,338,299,tree
C:\Users\Ruben\Documents\OSRS Botting\osrs_botting\images\gamewindow\img_41.png,429,203,470,260,tree
C:\Users\Ruben\Documents\OSRS Botting\osrs_botting\images\gamewindow\img_5.png,344,227,388,276,tree
C:\Users\Ruben\Documents\OSRS Botting\osrs_botting\images\gamewindow\img_42.png,284,204,326,253,tree
C:\Users\Ruben\Documents\OSRS Botting\osrs_botting\images\gamewindow\img_32.png,357,201,394,241,tree
C:\Users\Ruben\Documents\OSRS Botting\osrs_botting\images\gamewindow\img_8.png,276,173,309,218,tree
C:\Users\Ruben\Documents\OSRS Botting\osrs_botting\images\gamewindow\img_4.png,405,166,438,204,tree
C:\Users\Ruben\Documents\OSRS Botting\osrs_botting\images\gamewindow\img_25.png,377,233,413,266,tree
C:\Users\Ruben\Documents\OSRS Botting\osrs_botting\images\gamewindow\img_36.png,260,195,295,239,tree
C:\Users\Ruben\Documents\OSRS Botting\osrs_botting\images\gamewindow\img_39.png,274,304,351,366,tree
C:\Users\Ruben\Documents\OSRS Botting\osrs_botting\images\gamewindow\img_14.png,542,278,607,339,tree
C:\Users\Ruben\Documents\OSRS Botting\osrs_botting\images\gamewindow\img_23.png,250,214,296,264,tree
C:\Users\Ruben\Documents\OSRS Botting\osrs_botting\images\gamewindow\img_47.png,557,204,623,267,tree
C:\Users\Ruben\Documents\OSRS Botting\osrs_botting\images\gamewindow\img_31.png,324,151,358,190,tree
C:\Users\Ruben\Documents\OSRS Botting\osrs_botting\images\gamewindow\img_23.png,280,255,328,306,tree
C:\Users\Ruben\Documents\OSRS Botting\osrs_botting\images\gamewindow\img_44.png,93,299,181,349,tree
C:\Users\Ruben\Documents\OSRS Botting\osrs_botting\images\gamewindow\img_28.png,413,163,452,205,tree
C:\Users\Ruben\Documents\OSRS Botting\osrs_botting\images\gamewindow\img_33.png,412,307,455,349,tree
C:\Users\Ruben\Documents\OSRS Botting\osrs_botting\images\gamewindow\img_49.png,387,213,459,304,tree
C:\Users\Ruben\Documents\OSRS Botting\osrs_botting\images\gamewindow\img_30.png,318,154,348,193,tree
C:\Users\Ruben\Documents\OSRS Botting\osrs_botting\images\gamewindow\img_25.png,291,157,326,194,tree
C:\Users\Ruben\Documents\OSRS Botting\osrs_botting\images\gamewindow\img_26.png,313,220,352,258,tree
C:\Users\Ruben\Documents\OSRS Botting\osrs_botting\images\gamewindow\img_31.png,381,266,426,308,tree
C:\Users\Ruben\Documents\OSRS Botting\osrs_botting\images\gamewindow\img_32.png,312,333,358,367,tree
C:\Users\Ruben\Documents\OSRS Botting\osrs_botting\images\gamewindow\img_22.png,254,176,292,236,tree
C:\Users\Ruben\Documents\OSRS Botting\osrs_botting\images\gamewindow\img_7.png,350,219,394,270,tree
C:\Users\Ruben\Documents\OSRS Botting\osrs_botting\images\gamewindow\img_47.png,324,193,369,250,tree
C:\Users\Ruben\Documents\OSRS Botting\osrs_botting\images\gamewindow\img_38.png,170,239,229,301,tree
C:\Users\Ruben\Documents\OSRS Botting\osrs_botting\images\gamewindow\img_3.png,426,285,467,322,tree
C:\Users\Ruben\Documents\OSRS Botting\osrs_botting\images\gamewindow\img_4.png,305,272,345,311,tree
C:\Users\Ruben\Documents\OSRS Botting\osrs_botting\images\gamewindow\img_9.png,341,185,376,240,tree
C:\Users\Ruben\Documents\OSRS Botting\osrs_botting\images\gamewindow\img_6.png,234,200,279,251,tree
C:\Users\Ruben\Documents\OSRS Botting\osrs_botting\images\gamewindow\img_49.png,375,169,398,205,tree
C:\Users\Ruben\Documents\OSRS Botting\osrs_botting\images\gamewindow\img_46.png,551,192,595,251,tree
C:\Users\Ruben\Documents\OSRS Botting\osrs_botting\images\gamewindow\img_43.png,384,168,412,218,tree
C:\Users\Ruben\Documents\OSRS Botting\osrs_botting\images\gamewindow\img_13.png,337,199,374,248,tree
C:\Users\Ruben\Documents\OSRS Botting\osrs_botting\images\gamewindow\img_23.png,487,204,523,251,tree
C:\Users\Ruben\Documents\OSRS Botting\osrs_botting\images\gamewindow\img_18.png,277,254,321,296,tree
C:\Users\Ruben\Documents\OSRS Botting\osrs_botting\images\gamewindow\img_40.png,408,193,452,251,tree
C:\Users\Ruben\Documents\OSRS Botting\osrs_botting\images\gamewindow\img_10.png,174,211,221,273,tree
C:\Users\Ruben\Documents\OSRS Botting\osrs_botting\images\gamewindow\img_42.png,271,251,324,318,tree
C:\Users\Ruben\Documents\OSRS Botting\osrs_botting\images\gamewindow\img_19.png,231,281,292,346,tree
C:\Users\Ruben\Documents\OSRS Botting\osrs_botting\images\gamewindow\img_46.png,378,186,410,218,tree
C:\Users\Ruben\Documents\OSRS Botting\osrs_botting\images\gamewindow\img_46.png,291,192,338,258,tree
C:\Users\Ruben\Documents\OSRS Botting\osrs_botting\images\gamewindow\img_6.png,534,116,557,150,tree
C:\Users\Ruben\Documents\OSRS Botting\osrs_botting\images\gamewindow\img_13.png,475,206,518,255,tree
C:\Users\Ruben\Documents\OSRS Botting\osrs_botting\images\gamewindow\img_44.png,312,285,376,351,tree
C:\Users\Ruben\Documents\OSRS Botting\osrs_botting\images\gamewindow\img_23.png,421,199,452,242,tree
C:\Users\Ruben\Documents\OSRS Botting\osrs_botting\images\gamewindow\img_44.png,279,183,318,221,tree
C:\Users\Ruben\Documents\OSRS Botting\osrs_botting\images\gamewindow\img_37.png,334,193,372,239,tree
C:\Users\Ruben\Documents\OSRS Botting\osrs_botting\images\gamewindow\img_43.png,502,207,550,263,tree
C:\Users\Ruben\Documents\OSRS Botting\osrs_botting\images\gamewindow\img_47.png,394,166,428,198,tree
C:\Users\Ruben\Documents\OSRS Botting\osrs_botting\images\gamewindow\img_20.png,607,350,740,446,tree
C:\Users\Ruben\Documents\OSRS Botting\osrs_botting\images\gamewindow\img_32.png,516,257,559,302,tree
C:\Users\Ruben\Documents\OSRS Botting\osrs_botting\images\gamewindow\img_32.png,374,144,405,184,tree
C:\Users\Ruben\Documents\OSRS Botting\osrs_botting\images\gamewindow\img_46.png,336,190,377,251,tree
C:\Users\Ruben\Documents\OSRS Botting\osrs_botting\images\gamewindow\img_22.png,184,189,232,257,tree
C:\Users\Ruben\Documents\OSRS Botting\osrs_botting\images\gamewindow\img_0.png,428,250,464,286,tree
C:\Users\Ruben\Documents\OSRS Botting\osrs_botting\images\gamewindow\img_49.png,245,215,333,333,tree
C:\Users\Ruben\Documents\OSRS Botting\osrs_botting\images\gamewindow\img_42.png,440,214,487,277,tree
C:\Users\Ruben\Documents\OSRS Botting\osrs_botting\images\gamewindow\img_14.png,181,285,238,335,tree
C:\Users\Ruben\Documents\OSRS Botting\osrs_botting\images\gamewindow\img_44.png,325,163,353,195,tree
C:\Users\Ruben\Documents\OSRS Botting\osrs_botting\images\gamewindow\img_33.png,463,172,496,210,tree
C:\Users\Ruben\Documents\OSRS Botting\osrs_botting\images\gamewindow\img_4.png,198,295,252,339,tree
C:\Users\Ruben\Documents\OSRS Botting\osrs_botting\images\gamewindow\img_10.png,568,201,616,258,tree
C:\Users\Ruben\Documents\OSRS Botting\osrs_botting\images\gamewindow\img_10.png,71,163,120,212,tree
C:\Users\Ruben\Documents\OSRS Botting\osrs_botting\images\gamewindow\img_20.png,264,186,298,231,tree
C:\Users\Ruben\Documents\OSRS Botting\osrs_botting\images\gamewindow\img_16.png,434,226,473,275,tree
C:\Users\Ruben\Documents\OSRS Botting\osrs_botting\images\gamewindow\img_1.png,344,305,384,341,tree
C:\Users\Ruben\Documents\OSRS Botting\osrs_botting\images\gamewindow\img_48.png,468,274,581,389,tree
C:\Users\Ruben\Documents\OSRS Botting\osrs_botting\images\gamewindow\img_23.png,158,123,192,164,tree
C:\Users\Ruben\Documents\OSRS Botting\osrs_botting\images\gamewindow\img_39.png,376,188,417,246,tree
C:\Users\Ruben\Documents\OSRS Botting\osrs_botting\images\gamewindow\img_31.png,422,229,463,265,tree
C:\Users\Ruben\Documents\OSRS Botting\osrs_botting\images\gamewindow\img_26.png,466,189,498,229,tree
C:\Users\Ruben\Documents\OSRS Botting\osrs_botting\images\gamewindow\img_34.png,466,173,501,211,tree
C:\Users\Ruben\Documents\OSRS Botting\osrs_botting\images\gamewindow\img_32.png,471,246,509,289,tree
C:\Users\Ruben\Documents\OSRS Botting\osrs_botting\images\gamewindow\img_46.png,253,235,326,328,tree
C:\Users\Ruben\Documents\OSRS Botting\osrs_botting\images\gamewindow\img_39.png,586,324,683,412,tree
C:\Users\Ruben\Documents\OSRS Botting\osrs_botting\images\gamewindow\img_16.png,648,307,714,358,tree
C:\Users\Ruben\Documents\OSRS Botting\osrs_botting\images\gamewindow\img_11.png,390,188,429,228,tree
C:\Users\Ruben\Documents\OSRS Botting\osrs_botting\images\gamewindow\img_38.png,107,223,170,287,tree
C:\Users\Ruben\Documents\OSRS Botting\osrs_botting\images\gamewindow\img_16.png,131,255,187,306,tree
C:\Users\Ruben\Documents\OSRS Botting\osrs_botting\images\gamewindow\img_8.png,500,209,541,258,tree
C:\Users\Ruben\Documents\OSRS Botting\osrs_botting\images\gamewindow\img_40.png,264,186,301,236,tree
C:\Users\Ruben\Documents\OSRS Botting\osrs_botting\images\gamewindow\img_11.png,459,171,493,213,tree
C:\Users\Ruben\Documents\OSRS Botting\osrs_botting\images\gamewindow\img_0.png,289,340,326,367,tree
C:\Users\Ruben\Documents\OSRS Botting\osrs_botting\images\gamewindow\img_18.png,217,258,274,306,tree
C:\Users\Ruben\Documents\OSRS Botting\osrs_botting\images\gamewindow\img_10.png,359,151,387,183,tree
C:\Users\Ruben\Documents\OSRS Botting\osrs_botting\images\gamewindow\img_39.png,169,273,261,352,tree
C:\Users\Ruben\Documents\OSRS Botting\osrs_botting\images\gamewindow\img_31.png,442,259,484,299,tree
C:\Users\Ruben\Documents\OSRS Botting\osrs_botting\images\gamewindow\img_2.png,327,294,367,331,tree
C:\Users\Ruben\Documents\OSRS Botting\osrs_botting\images\gamewindow\img_21.png,317,179,350,224,tree
C:\Users\Ruben\Documents\OSRS Botting\osrs_botting\images\gamewindow\img_11.png,150,173,189,225,tree
C:\Users\Ruben\Documents\OSRS Botting\osrs_botting\images\gamewindow\img_29.png,430,319,470,364,tree
C:\Users\Ruben\Documents\OSRS Botting\osrs_botting\images\gamewindow\img_27.png,306,277,343,314,tree
C:\Users\Ruben\Documents\OSRS Botting\osrs_botting\images\gamewindow\img_24.png,368,226,406,267,tree
C:\Users\Ruben\Documents\OSRS Botting\osrs_botting\images\gamewindow\img_37.png,334,242,380,291,tree
C:\Users\Ruben\Documents\OSRS Botting\osrs_botting\images\gamewindow\img_36.png,635,254,694,305,tree
C:\Users\Ruben\Documents\OSRS Botting\osrs_botting\images\gamewindow\img_9.png,445,252,497,315,tree
C:\Users\Ruben\Documents\OSRS Botting\osrs_botting\images\gamewindow\img_25.png,340,160,369,194,tree
C:\Users\Ruben\Documents\OSRS Botting\osrs_botting\images\gamewindow\img_20.png,331,217,380,274,tree
C:\Users\Ruben\Documents\OSRS Botting\osrs_botting\images\gamewindow\img_18.png,336,305,385,350,tree
C:\Users\Ruben\Documents\OSRS Botting\osrs_botting\images\gamewindow\img_43.png,360,213,405,257,tree
C:\Users\Ruben\Documents\OSRS Botting\osrs_botting\images\gamewindow\img_33.png,305,234,342,273,tree
C:\Users\Ruben\Documents\OSRS Botting\osrs_botting\images\gamewindow\img_38.png,283,275,345,350,tree
C:\Users\Ruben\Documents\OSRS Botting\osrs_botting\images\gamewindow\img_14.png,456,169,488,213,tree
C:\Users\Ruben\Documents\OSRS Botting\osrs_botting\images\gamewindow\img_44.png,457,218,498,256,tree
C:\Users\Ruben\Documents\OSRS Botting\osrs_botting\images\gamewindow\img_32.png,430,250,470,288,tree
C:\Users\Ruben\Documents\OSRS Botting\osrs_botting\images\gamewindow\img_0.png,367,200,402,237,tree
C:\Users\Ruben\Documents\OSRS Botting\osrs_botting\images\gamewindow\img_6.png,443,178,474,220,tree
C:\Users\Ruben\Documents\OSRS Botting\osrs_botting\images\gamewindow\img_43.png,243,199,290,238,tree
C:\Users\Ruben\Documents\OSRS Botting\osrs_botting\images\gamewindow\img_12.png,492,195,539,253,tree
C:\Users\Ruben\Documents\OSRS Botting\osrs_botting\images\gamewindow\img_20.png,446,253,505,324,tree
C:\Users\Ruben\Documents\OSRS Botting\osrs_botting\images\gamewindow\img_10.png,118,262,191,327,tree
C:\Users\Ruben\Documents\OSRS Botting\osrs_botting\images\gamewindow\img_4.png,345,232,387,274,tree
C:\Users\Ruben\Documents\OSRS Botting\osrs_botting\images\gamewindow\img_35.png,340,201,377,241,tree
C:\Users\Ruben\Documents\OSRS Botting\osrs_botting\images\gamewindow\img_36.png,643,207,697,256,tree
C:\Users\Ruben\Documents\OSRS Botting\osrs_botting\images\gamewindow\img_30.png,476,214,514,251,tree
C:\Users\Ruben\Documents\OSRS Botting\osrs_botting\images\gamewindow\img_13.png,378,256,430,306,tree
C:\Users\Ruben\Documents\OSRS Botting\osrs_botting\images\gamewindow\img_29.png,561,319,617,363,tree
C:\Users\Ruben\Documents\OSRS Botting\osrs_botting\images\gamewindow\img_44.png,450,248,501,312,tree
C:\Users\Ruben\Documents\OSRS Botting\osrs_botting\images\gamewindow\img_3.png,313,283,357,321,tree
C:\Users\Ruben\Documents\OSRS Botting\osrs_botting\images\gamewindow\img_23.png,377,162,407,207,tree
C:\Users\Ruben\Documents\OSRS Botting\osrs_botting\images\gamewindow\img_0.png,505,320,548,361,tree
C:\Users\Ruben\Documents\OSRS Botting\osrs_botting\images\gamewindow\img_28.png,371,168,403,204,tree
C:\Users\Ruben\Documents\OSRS Botting\osrs_botting\images\gamewindow\img_46.png,615,275,727,381,tree
C:\Users\Ruben\Documents\OSRS Botting\osrs_botting\images\gamewindow\img_32.png,372,273,414,315,tree
C:\Users\Ruben\Documents\OSRS Botting\osrs_botting\images\gamewindow\img_26.png,204,269,250,308,tree
C:\Users\Ruben\Documents\OSRS Botting\osrs_botting\images\gamewindow\img_18.png,430,276,477,323,tree
C:\Users\Ruben\Documents\OSRS Botting\osrs_botting\images\gamewindow\img_9.png,425,170,460,220,tree
C:\Users\Ruben\Documents\OSRS Botting\osrs_botting\images\gamewindow\img_5.png,305,171,341,217,tree
C:\Users\Ruben\Documents\OSRS Botting\osrs_botting\images\gamewindow\img_38.png,586,267,665,342,tree
C:\Users\Ruben\Documents\OSRS Botting\osrs_botting\images\gamewindow\img_8.png,384,166,415,214,tree
C:\Users\Ruben\Documents\OSRS Botting\osrs_botting\images\gamewindow\img_4.png,259,289,307,335,tree
C:\Users\Ruben\Documents\OSRS Botting\osrs_botting\images\gamewindow\img_24.png,169,85,203,125,tree
C:\Users\Ruben\Documents\OSRS Botting\osrs_botting\images\gamewindow\img_44.png,544,238,598,300,tree
C:\Users\Ruben\Documents\OSRS Botting\osrs_botting\images\gamewindow\img_43.png,292,196,343,241,tree
C:\Users\Ruben\Documents\OSRS Botting\osrs_botting\images\gamewindow\img_2.png,331,198,363,234,tree
C:\Users\Ruben\Documents\OSRS Botting\osrs_botting\images\gamewindow\img_38.png,210,314,297,367,tree
C:\Users\Ruben\Documents\OSRS Botting\osrs_botting\images\gamewindow\img_4.png,411,208,452,257,tree
C:\Users\Ruben\Documents\OSRS Botting\osrs_botting\images\gamewindow\img_11.png,466,298,536,367,tree
C:\Users\Ruben\Documents\OSRS Botting\osrs_botting\images\gamewindow\img_38.png,275,217,315,269,tree
C:\Users\Ruben\Documents\OSRS Botting\osrs_botting\images\gamewindow\img_43.png,278,172,316,212,tree
C:\Users\Ruben\Documents\OSRS Botting\osrs_botting\images\gamewindow\img_24.png,352,314,401,353,tree
C:\Users\Ruben\Documents\OSRS Botting\osrs_botting\images\gamewindow\img_1.png,207,210,242,246,tree
C:\Users\Ruben\Documents\OSRS Botting\osrs_botting\images\gamewindow\img_28.png,338,201,375,240,tree
C:\Users\Ruben\Documents\OSRS Botting\osrs_botting\images\gamewindow\img_37.png,251,198,290,235,tree
C:\Users\Ruben\Documents\OSRS Botting\osrs_botting\images\gamewindow\img_18.png,304,275,349,320,tree
C:\Users\Ruben\Documents\OSRS Botting\osrs_botting\images\gamewindow\img_26.png,202,326,252,364,tree
C:\Users\Ruben\Documents\OSRS Botting\osrs_botting\images\gamewindow\img_2.png,389,203,427,242,tree
C:\Users\Ruben\Documents\OSRS Botting\osrs_botting\images\gamewindow\img_32.png,303,254,342,295,tree
C:\Users\Ruben\Documents\OSRS Botting\osrs_botting\images\gamewindow\img_34.png,234,232,275,269,tree
C:\Users\Ruben\Documents\OSRS Botting\osrs_botting\images\gamewindow\img_39.png,325,225,376,267,tree
C:\Users\Ruben\Documents\OSRS Botting\osrs_botting\images\gamewindow\img_3.png,281,309,324,360,tree
C:\Users\Ruben\Documents\OSRS Botting\osrs_botting\images\gamewindow\img_28.png,111,214,161,256,tree
C:\Users\Ruben\Documents\OSRS Botting\osrs_botting\images\gamewindow\img_6.png,2,172,65,227,tree
C:\Users\Ruben\Documents\OSRS Botting\osrs_botting\images\gamewindow\img_16.png,336,250,378,295,tree
C:\Users\Ruben\Documents\OSRS Botting\osrs_botting\images\gamewindow\img_7.png,174,217,229,280,tree
C:\Users\Ruben\Documents\OSRS Botting\osrs_botting\images\gamewindow\img_14.png,268,310,323,359,tree
C:\Users\Ruben\Documents\OSRS Botting\osrs_botting\images\gamewindow\img_31.png,369,144,401,184,tree
C:\Users\Ruben\Documents\OSRS Botting\osrs_botting\images\gamewindow\img_13.png,360,128,382,163,tree
C:\Users\Ruben\Documents\OSRS Botting\osrs_botting\images\gamewindow\img_37.png,252,235,299,287,tree
C:\Users\Ruben\Documents\OSRS Botting\osrs_botting\images\gamewindow\img_29.png,362,195,395,234,tree
C:\Users\Ruben\Documents\OSRS Botting\osrs_botting\images\gamewindow\img_21.png,434,191,484,262,tree
C:\Users\Ruben\Documents\OSRS Botting\osrs_botting\images\gamewindow\img_37.png,523,201,570,256,tree
C:\Users\Ruben\Documents\OSRS Botting\osrs_botting\images\gamewindow\img_15.png,474,175,509,221,tree
C:\Users\Ruben\Documents\OSRS Botting\osrs_botting\images\gamewindow\img_47.png,422,191,461,228,tree
C:\Users\Ruben\Documents\OSRS Botting\osrs_botting\images\gamewindow\img_1.png,246,234,284,267,tree
C:\Users\Ruben\Documents\OSRS Botting\osrs_botting\images\gamewindow\img_12.png,386,187,422,239,tree
C:\Users\Ruben\Documents\OSRS Botting\osrs_botting\images\gamewindow\img_14.png,491,157,519,196,tree
C:\Users\Ruben\Documents\OSRS Botting\osrs_botting\images\gamewindow\img_25.png,436,171,469,214,tree
C:\Users\Ruben\Documents\OSRS Botting\osrs_botting\images\gamewindow\img_35.png,398,339,453,367,tree
C:\Users\Ruben\Documents\OSRS Botting\osrs_botting\images\gamewindow\img_14.png,363,263,409,313,tree
